firstName,lastName,birthdate
Stone,Barrett1,1964-10-19 14:11:03
Stone,Barrett2,1964-10-19 14:11:03
Stone,Barrett3,1964-10-19 14:11:03
Stone,Barrett4,1964-10-19 14:11:03
Stone,Barrett5,1964-10-19 14:11:03
Stone,Barrett6,1964-10-19 14:11:03
Stone,Barrett7,1964-10-19 14:11:03
Stone,Barrett8,1964-10-19 14:11:03
Stone,Barrett9,1964-10-19 14:11:03
Stone,Barrett10,1964-10-19 14:11:03
Stone,Barrett11,1964-10-19 14:11:03
Stone,Barrett12,1964-10-19 14:11:03
Stone,Barrett13,1964-10-19 14:11:03
Stone,Barrett14,1964-10-19 14:11:03
Stone,Barrett15,1964-10-19 14:11:03
Stone,Barrett16,1964-10-19 14:11:03
Stone,Barrett17,1964-10-19 14:11:03
Stone,Barrett18,1964-10-19 14:11:03
Stone,Barrett19,1964-10-19 14:11:03
Stone,Barrett20,1964-10-19 14:11:03
Stone,Barrett21,1964-10-19 14:11:03
Stone,Barrett22,1964-10-19 14:11:03
Stone,Barrett23,1964-10-19 14:11:03
Stone,Barrett24,1964-10-19 14:11:03
Stone,Barrett25,1964-10-19 14:11:03
Stone,Barrett26,1964-10-19 14:11:03
Stone,Barrett27,1964-10-19 14:11:03
Stone,Barrett28,1964-10-19 14:11:03
Stone,Barrett29,1964-10-19 14:11:03
Stone,Barrett30,1964-10-19 14:11:03
Stone,Barrett31,1964-10-19 14:11:03
Stone,Barrett32,1964-10-19 14:11:03
Stone,Barrett33,1964-10-19 14:11:03
Stone,Barrett34,1964-10-19 14:11:03
Stone,Barrett35,1964-10-19 14:11:03
Stone,Barrett36,1964-10-19 14:11:03
Stone,Barrett37,1964-10-19 14:11:03
Stone,Barrett38,1964-10-19 14:11:03
Stone,Barrett39,1964-10-19 14:11:03
Stone,Barrett40,1964-10-19 14:11:03
Stone,Barrett41,1964-10-19 14:11:03
Stone,Barrett42,1964-10-19 14:11:03
Stone,Barrett43,1964-10-19 14:11:03
Stone,Barrett44,1964-10-19 14:11:03
Stone,Barrett45,1964-10-19 14:11:03
Stone,Barrett46,1964-10-19 14:11:03
Stone,Barrett47,1964-10-19 14:11:03
Stone,Barrett48,1964-10-19 14:11:03
Stone,Barrett49,1964-10-19 14:11:03
Stone,Barrett50,1964-10-19 14:11:03
Stone,Barrett51,1964-10-19 14:11:03
Stone,Barrett52,1964-10-19 14:11:03
Stone,Barrett53,1964-10-19 14:11:03
Stone,Barrett54,1964-10-19 14:11:03
Stone,Barrett55,1964-10-19 14:11:03
Stone,Barrett56,1964-10-19 14:11:03
Stone,Barrett57,1964-10-19 14:11:03
Stone,Barrett58,1964-10-19 14:11:03
Stone,Barrett59,1964-10-19 14:11:03
Stone,Barrett60,1964-10-19 14:11:03
Stone,Barrett61,1964-10-19 14:11:03
Stone,Barrett62,1964-10-19 14:11:03
Stone,Barrett63,1964-10-19 14:11:03
Stone,Barrett64,1964-10-19 14:11:03
Stone,Barrett65,1964-10-19 14:11:03
Stone,Barrett66,1964-10-19 14:11:03
Stone,Barrett67,1964-10-19 14:11:03
Stone,Barrett68,1964-10-19 14:11:03
Stone,Barrett69,1964-10-19 14:11:03
Stone,Barrett70,1964-10-19 14:11:03
Stone,Barrett71,1964-10-19 14:11:03
Stone,Barrett72,1964-10-19 14:11:03
Stone,Barrett73,1964-10-19 14:11:03
Stone,Barrett74,1964-10-19 14:11:03
Stone,Barrett75,1964-10-19 14:11:03
Stone,Barrett76,1964-10-19 14:11:03
Stone,Barrett77,1964-10-19 14:11:03
Stone,Barrett78,1964-10-19 14:11:03
Stone,Barrett79,1964-10-19 14:11:03
Stone,Barrett80,1964-10-19 14:11:03
Stone,Barrett81,1964-10-19 14:11:03
Stone,Barrett82,1964-10-19 14:11:03
Stone,Barrett83,1964-10-19 14:11:03
Stone,Barrett84,1964-10-19 14:11:03
Stone,Barrett85,1964-10-19 14:11:03
Stone,Barrett86,1964-10-19 14:11:03
Stone,Barrett87,1964-10-19 14:11:03
Stone,Barrett88,1964-10-19 14:11:03
Stone,Barrett89,1964-10-19 14:11:03
Stone,Barrett90,1964-10-19 14:11:03
Stone,Barrett91,1964-10-19 14:11:03
Stone,Barrett92,1964-10-19 14:11:03
Stone,Barrett93,1964-10-19 14:11:03
Stone,Barrett94,1964-10-19 14:11:03
Stone,Barrett95,1964-10-19 14:11:03
Stone,Barrett96,1964-10-19 14:11:03
Stone,Barrett97,1964-10-19 14:11:03
Stone,Barrett98,1964-10-19 14:11:03
Stone,Barrett99,1964-10-19 14:11:03
Stone,Barrett100,1964-10-19 14:11:03
Stone,Barrett101,1964-10-19 14:11:03
Stone,Barrett102,1964-10-19 14:11:03
Stone,Barrett103,1964-10-19 14:11:03
Stone,Barrett104,1964-10-19 14:11:03
Stone,Barrett105,1964-10-19 14:11:03
Stone,Barrett106,1964-10-19 14:11:03
Stone,Barrett107,1964-10-19 14:11:03
Stone,Barrett108,1964-10-19 14:11:03
Stone,Barrett109,1964-10-19 14:11:03
Stone,Barrett110,1964-10-19 14:11:03
Stone,Barrett111,1964-10-19 14:11:03
Stone,Barrett112,1964-10-19 14:11:03
Stone,Barrett113,1964-10-19 14:11:03
Stone,Barrett114,1964-10-19 14:11:03
Stone,Barrett115,1964-10-19 14:11:03
Stone,Barrett116,1964-10-19 14:11:03
Stone,Barrett117,1964-10-19 14:11:03
Stone,Barrett118,1964-10-19 14:11:03
Stone,Barrett119,1964-10-19 14:11:03
Stone,Barrett120,1964-10-19 14:11:03